handle,SiteName,FirstName,LastName,email,password,experience,interests_tags,following_users,profile_fg,profile_bg,Gender,User
amanda_styles,Official Amanda,amanda,styles,amanda@gmail.com,amanda,amanda designer,"#branding,#fashion","@ben_phics,@tyreece_santiago,@ephraim_rivas,@spencer_povey ",./shayla_sparks/Profile and Background Image/Shayla Sparks/shayla_sparks_bg.jpg,./shayla_sparks/Profile and Background Image/Shayla Sparks/shayla_sparks_fg.jpg,w,1
ben_phics,Official Ben,ben,phics,ben@gmail.com,ben,ben designer,"#branding,#packaging","@lola_lake,@shayla_sparks,@anais_morin,@sultan_morgan",./ben_phics/Profile and Background Image/Ben Phics/ben_phics_fg.jpg,./ben_phics/Profile and Background Image/Ben Phics/ben_phics_bg.jpg,m,2
emrys_lynch,Official Emrys,emrys,lynch,emrys@gmail.com,emrys,emrys photography,"#branding,#fashion","@chloe_evans,@asiyah_becker,@steffan_harper,@leena_mclean",./emrys_lynch/Profile and Background Image/PROFILE AND BACKGROUND/emrys_lynch_fg.jpg,./emrys_lynch/Profile and Background Image/PROFILE AND BACKGROUND/emrys_lynch_bg.jpg,w,3
lola_lake,Official Lake,lola ,lake,lola@gmail.com,lola ,lola photography,"#travel,#lifestyle","@lamar_gregory,@matthew_hinton,@ephraim_rivas,@sultan_morgan",./lola_lake/Profile and Background Images/Lola Lake/lola_lake_fg.jpg,./lola_lake/Profile and Background Images/Lola Lake/lola_lake_bg.jpg,w,4
lexi_vo,Official Lexi,lexi ,vo,lexi@gmail.com,lexi ,lexi  designer,"#branding,#lifestyle","@ameen_hunter,@alyssia_williamson,@priyanka_mays,@melissa_ramsay",./lexi_vo/Profile and Background Image/Lexi Vo/lexi_vo_fg.jpg,./lexi_vo/Profile and Background Image/Lexi Vo/lexi_vo_bg.jpg,w,5
shayla_sparks,Official Shayla,shayla ,sparks,shayla@gmail.com,shayla ,shayla  photography,"#portraits,#travel","@dean_kelly,@anais_morin,@manon_avila,@steffan_harper",./shayla_sparks/Profile and Background Image/Shayla Sparks/shayla_sparks_fg.jpg,./shayla_sparks/Profile and Background Image/Shayla Sparks/shayla_sparks_bg.jpg,w,6
tyreece_santiago,Official Tyreece,tyreece ,santiago,tyreece@gmail.com,tyreece ,tyreece  designer,"#branding,#packaging","@theodore_gibbs,@leena_mclean,@josh_howells,@nabeel_clifford",./tyreece_santiago/Profile and Background Images/Tyreece Santiago/tyreece_santiago_fg.jpg,./tyreece_santiago/Profile and Background Images/Tyreece Santiago/tyreece_santiago_bg.jpg,m,7
manon_avila,Official Manon,manon ,avila,manon@gmail.com,manon ,manon  photography,"#travel,#portraits","@anais_morin,@sultan_morgan,@alyssia_williamson,@shayla_sparks",./manon_avila/Profile and Background Images/Manon Avila/manon_avila_fg.jpg,./manon_avila/Profile and Background Images/Manon Avila/manon_avila_bg.jpg,m,8
spencer_povey,Official Spencer ,spencer ,povey,spencer@gmail.com,spencer ,spencer  model,"#travel,#fashion","@priyanka_mays,@anais_morin,@massimo_garner,@lamar_gregory",./spencer_povey/Profile and Background Images/Spencer Povey/spencer_povey_fg.jpg,./spencer_povey/Profile and Background Images/Spencer Povey/spencer_povey_bg.jpg,m,9
theodore_gibbs,Official Theodore ,theodore ,gibbs,theodore@gmail.com,theodore ,theodore  photography,"#branding,#lifestyle","@lamar_gregory,@ameen_hunter,@nabeel_clifford,@emrys_lynch",./theodore_gibbs/Profile and Background Images/Theodore Gibbs/theodore_gibbs_fg.jpg,./theodore_gibbs/Profile and Background Images/Theodore Gibbs/theodore_gibbs_bg.jpg,m,10
saif_clarkson,Official Saif ,saif ,clarkson,saif@gmail.com,saif ,saif  photography,"#branding,#portraits","@nathaniel_thatcher,@chloe_evans,@asiyah_becker,@dean_kelly",./saif_clarkson/Profile and Background Images/Saif Clarkson/saif_clarkson_fg.jpg,./saif_clarkson/Profile and Background Images/Saif Clarkson/saif_clarkson_bg.jpg,m,11
asiyah_becker,Official Asiyah ,asiyah ,becker,asiyah@gmail.com,asiyah ,asiyah  model,"#fashion,#portraits","@saif_clarkson,@shayla_sparks,@sultan_morgan,@matthew_hinton",./asiyah_becker/Profile and Background Images/Asiyah Becker/asiyah_becker_fg.jpg,./asiyah_becker/Profile and Background Images/Asiyah Becker/asiyah_becker_bg.jpg,w,12
dean_kelly,Official Dean ,Dean ,kelly,dean@gmail.com,dean ,dean  glam,"#lifestyle,#portraits","@melissa_ramsay,@josh_howells,@manon_avila,@lexi_vo",./dean_kelly/Profile and Background Images/Dean Kelly/dean_kelly_fg.jpg,./dean_kelly/Profile and Background Images/Dean Kelly/dean_kelly_bg.jpg,m,13
chloe_evans,Official chloe ,chloe ,evans,chloe@gmail.com,chloe ,chloe  designer,"#branding,#lifestyle","@lexi_vo,@manon_avila,@nathaniel_thatcher,@asiyah_becker",./chloe_evans/Profile and Background Image/Chloe Evans/chloe_evans_fg.jpg,./chloe_evans/Profile and Background Image/Chloe Evans/chloe_evans_bg.jpg,w,14
leena_mclean,Official Leena ,leena ,mclean,leena@gmail.com,leena ,leena model,"#fashion,#portraits","@sultan_morgan,@ephraim_rivas,@fateh_durham,@massimo_garner",./leena_mclean/Profile and Background Images/Leena Mclean/leena_mclean_fg.jpg,./leena_mclean/Profile and Background Images/Leena Mclean/leena_mclean_bg.jpg,w,15
anais_morin,Official Anais ,anais ,morin,anais@gmail.com,anais ,anais photography,"#packaging,#portraits","@steffan_harper,@lamar_gregory,@manon_avila,@spencer_povey",./anais_morin/Profile and Background Images/Anais Morin/anais_morin_fg.jpg,./anais_morin/Profile and Background Images/Anais Morin/anais_morin_bg.jpg,w,16
lamar_gregory,Official Lamar ,lamar ,gregory,lamar@gmail.com,lamar ,lamar  glam,"#travel,#portraits","@ameen_hunter,@dean_kelly,@theodore_gibbs,@priyanka_mays",./lamar_gregory/Profile and Background Images/Lamar Gregory/lamar_gregory_fg.jpg,./lamar_gregory/Profile and Background Images/Lamar Gregory/lamar_gregory_bg.jpg,m,17
massimo_garner,Official Massimo ,massimo ,garner,massimo@gmail.com,massimo ,massimo  designer,"#fashion,#packaging","@chloe_evans,@asiyah_becker,@lamar_gregory,@ameen_hunter",./massimo_garner/Profile and Background Images/Massimo Garner/massimo_garner_fg.jpg,./massimo_garner/Profile and Background Images/Massimo Garner/massimo_garner_bg.jpg,m,18
steffan_harper,Official Steffan ,steffan ,harper,steffan@gmail.com,steffan ,steffan photography,"#fashion,#portraits","@massimo_garner,@nabeel_clifford,@melissa_ramsay,@josh_howells",./steffan_harper/Profile and Background Images/Steffan Harper/steffan_harper_fg.jpg,./steffan_harper/Profile and Background Images/Steffan Harper/steffan_harper_bg.png,m,19
priyanka_mays,Official Priyanka ,priyanka ,mays,priyanka@gmail.com,priyanka ,priyanka  designer,"#branding,#portraits","@alyssia_williamson,@chloe_evans,@steffan_harper,@melissa_ramsay",./priyanka_mays/Profile and Background Images/Priyanka Mays/priyanka_mays_fg.jpg,./priyanka_mays/Profile and Background Images/Priyanka Mays/priyanka_mays_bg.jpg,w,20
ephraim_rivas,Official Ephraim ,ephraim ,rivas,ephraim@gmail.com,ephraim ,ephraim  designer,"#branding,#packaging","@ben_phics,@tyreece_santiago,@priyanka_mays,@spencer_povey",./ephraim_rivas/Profile and Background Images/Ephraim Rivas/ephraim_rivas_fg.jpg,./ephraim_rivas/Profile and Background Images/Ephraim Rivas/ephraim_rivas_bg.jpg,m,21
alyssia_williamson,Official Alyssia ,alyssia ,williamson,alyssia@gmail.com,alyssia ,alyssia glam,"#fashion,#lifestyle","@leena_mclean,@anais_morin,@nathaniel_thatcher,@fateh_durham",./alyssia_williamson/Profile and Background Images/Alyssia Williamson/alyssia_williamson_fg.jpg,./alyssia_williamson/Profile and Background Images/Alyssia Williamson/alyssia_williamson_bg.jpg,w,22
nathaniel_thatcher,Official Nathaniel ,nathaniel ,thatcher,nathaniel@gmail.com,nathaniel ,nathaniel  designer,"#branding,#packaging","@spencer_povey,@lamar_gregory,@ameen_hunter_sultan_morgan",./nathaniel_thatcher/Profile and Background Images/Nathaniel Thatcher/nathaniel_thatcher_fg.jpg,./nathaniel_thatcher/Profile and Background Images/Nathaniel Thatcher/nathaniel_thatcher_fg(1).jpg,m,23
fateh_durham,Official Fateh ,fateh ,durham,fateh@gmail.com,fateh ,fateh photography,"#branding,#travel","@tyreece_santiago,@spencer_povey,@ephraim_rivas,@steffan_harper",./fateh_durham/Profile and Background Images/Fateh Durham/fateh_durham_fg.jpg,./fateh_durham/Profile and Background Images/Fateh Durham/fateh_durham_bg.jpg,w,24
melissa_ramsay,Official Melissa ,melissa ,ramsay,melissa@gmail.com,melissa ,melissa  model,"#lifestyle,#fashion","@dean_kelly,@anais_morin,@manon_avila,@steffan_harper",./melissa_ramsay/Profile and Background Images/Melissa Ramsay/melissa_ramsay_fg.jpg,./matthew_hinton/Profile - Background Images/Matthew Hinton/matthew_hinton_bg.jpg,w,25
ameen_hunter,Official Ameen,ameen,hunter,ameen@gmail.com,ameen,ameen glam,"#fashion,#portraits","@theodore_gibbs,@leena_mclean,@josh_howells,@nabeel_clifford",./ameen_hunter/Profile - Background Image/Ameen Hunter/ameen_hunter_fg.jpg,./ameen_hunter/Profile - Background Image/Ameen Hunter/ameen_hunter_bg.jpg,m,26
josh_howells,Official Josh,josh,howells,josh@gmail.com,josh,josh glam,"#fashion,#portraits","@lexi_vo,@manon_avila,@nathaniel_thatcher,@asiyah_becker",./josh_howells/Profile and Background Images/Josh Howells/josh_howells_fg.jpg,./josh_howells/Profile and Background Images/Josh Howells/josh_howells_bg.jpg,m,27
nabeel_clifford,Official Nabeel,nabeel,clifford,nabeel@gmail.com,nabeel,nabeel model,"#branding,#portraits","@nabeel_clifford,@saif_clarkson,@melissa_ramsay,@steffan_harper",./nabeel_clifford/Profile - Background Images/Nabeel Clifford/nabeel_clifford_fg.jpg,./nabeel_clifford/Profile - Background Images/Nabeel Clifford/nabeel_clifford_bg.jpg,w,28
matthew_hinton,Official Matthew,matthew,hinton,matthew@gmail.com,matthew,matthew  photography,"#branding,#portraits","@massimo_garner,@nabeel_clifford,@melissa_ramsay,@josh_howells",./matthew_hinton/Profile - Background Images/Matthew Hinton/matthew_hinton_fg.jpg,./matthew_hinton/Profile - Background Images/Matthew Hinton/matthew_hinton_bg.jpg,m,29
sultan_morgan,Official Sultan,sultan,morgan,sultan@gmail.com,sultan,sultan stylist,"#fashion,#portraits","@shayla_sparks,@spencer_povey,@dean_kelly,@josh_howells",./sultan_morgan/Profile - Background Images/Sultan Morgan/sultan_morgan_fg.jpg,./sultan_morgan/Profile - Background Images/Sultan Morgan/sultan_morgan_bg.jpg,m,30
joseph_moore,Official Joseph,joseph,moore,joseph@gmail.com,joseph,joseph stylist,"#fashion,#lifestyle","@lola_lake,@shayla_sparks,@anais_morin,@sultan_morgan",./joseph_moore/Profile - Background Images/joseph_moore_fg.jpg,./joseph_moore/Profile - Background Images/joshua_moore_bg.jpg,m,31